{
    "camera_matrix": [
        [
            1027.604525743327,
            0.0,
            639.9696929540302
        ],
        [
            0.0,
            1027.5909372161555,
            339.5025757609135
        ],
        [
            0.0,
            0.0,
            1.0
        ]
    ],
    "distortion_coefficients": [
        0.10016554143603283,
        -0.15635984346063828,
        0.0005259826961675476,
        -0.0003298214449948091,
        -0.0468797801105634
    ]
}